timestamp,commit,branch,benchmark,low_ns,estimate_ns,high_ns
2026-03-23T18:34:35Z,96cb1cd,main,load_pricing_table,1.8933,1.9999,2.1153
2026-03-23T18:34:35Z,96cb1cd,main,recommend_instance/7B_bf16_all,2484.9000,2620.8000,2788.2000
2026-03-23T18:34:35Z,96cb1cd,main,recommend_instance/7B_int8_aws,900.95,950.24,1009.7000
2026-03-23T18:34:35Z,96cb1cd,main,recommend_instance/70B_bf16_all,1163.7000,1231.5000,1313.4000
2026-03-23T18:34:35Z,96cb1cd,main,recommend_instance/70B_int4_gcp,524.67,558.52,597.72
2026-03-23T18:34:35Z,96cb1cd,main,cheapest_instance/7B_bf16,2488.8000,2557.2000,2645.3000
2026-03-23T18:34:35Z,96cb1cd,main,cheapest_instance/70B_bf16,1205.9000,1252.5000,1311.0000
2026-03-23T18:34:35Z,96cb1cd,main,detect_all,996880.0000,1021400.0000,1052900.0000
2026-03-23T18:34:35Z,96cb1cd,main,detect_none (CPU only),140410.0000,140690.0000,140980.0000
2026-03-23T18:34:35Z,96cb1cd,main,detect_single/cuda,158010.0000,158560.0000,159160.0000
2026-03-23T18:34:35Z,96cb1cd,main,detect_single/rocm,1069100.0000,1087600.0000,1107000.0000
2026-03-23T18:34:35Z,96cb1cd,main,detect_single/vulkan,159890.0000,165240.0000,171570.0000
2026-03-23T18:34:35Z,96cb1cd,main,detect_single/apple,163250.0000,166930.0000,171540.0000
2026-03-23T18:34:35Z,96cb1cd,main,detect_single/tpu,181040.0000,181440.0000,181870.0000
2026-03-23T18:34:35Z,96cb1cd,main,system_io/full_with_sysio,994890.0000,1010700.0000,1033100.0000
2026-03-23T18:34:35Z,96cb1cd,main,system_io/query_system_io,4.0908,4.3199,4.6021
2026-03-23T18:34:35Z,96cb1cd,main,system_io/serialize_registry,857.34,909.49,972.43
2026-03-23T18:34:35Z,96cb1cd,main,system_io/deserialize_registry,1234.4000,1260.7000,1295.1000
2026-03-23T18:34:35Z,96cb1cd,main,concurrent_detect_4_threads,2925400.0000,2958600.0000,2993500.0000
2026-03-23T18:34:35Z,96cb1cd,main,parse_nvidia_bandwidth_8gpu,513.72,514.71,515.71
2026-03-23T18:34:35Z,96cb1cd,main,nvidia_bus_width_all_ccs,18.321,18.501,18.665
2026-03-23T18:34:35Z,96cb1cd,main,estimate_bw_from_cc_all,18.854,18.941,19.035
2026-03-23T18:34:35Z,96cb1cd,main,parse_max_dpm_clock,115.36,115.67,115.97
2026-03-23T18:34:35Z,96cb1cd,main,parse_link_speed,46.564,46.678,46.793
2026-03-23T18:34:35Z,96cb1cd,main,parse_ib_rate,45.172,45.868,46.806
2026-03-23T18:34:35Z,96cb1cd,main,parse_nvlink_output_2gpu,535.19,539.41,545.07
2026-03-23T18:34:35Z,96cb1cd,main,plan_sharding 70B BF16 (4 GPU),76.069,76.292,76.497
2026-03-23T18:34:35Z,96cb1cd,main,plan_sharding 70B BF16 (13 devices),35.961,36.482,37.040
2026-03-23T18:34:35Z,96cb1cd,main,suggest_quantization 70B (4 GPU),10.268,10.601,10.908
2026-03-23T18:34:35Z,96cb1cd,main,suggest_quantization 70B (13 devices),24.394,24.698,24.994
2026-03-23T18:34:35Z,96cb1cd,main,estimate_memory 70B FP16,0.2461,0.2466,0.2471
2026-03-23T18:34:35Z,96cb1cd,main,estimate_training_memory 7B LoRA GPU,3.0799,3.1986,3.3524
2026-03-23T18:34:35Z,96cb1cd,main,best_available (13 devices),21.908,23.065,24.439
2026-03-23T18:34:35Z,96cb1cd,main,total_memory (13 devices),5.6050,5.8763,6.2203
2026-03-23T18:34:35Z,96cb1cd,main,json_roundtrip/serialize (13 devices),2188.3000,2248.4000,2328.0000
2026-03-23T18:34:35Z,96cb1cd,main,json_roundtrip/deserialize (13 devices),3491.8000,3646.0000,3842.1000
2026-03-23T18:34:35Z,96cb1cd,main,by_family GPU (13 devices),70.464,73.360,77.057
2026-03-23T18:34:35Z,96cb1cd,main,bits_per_param_all_levels,0.0316,0.0333,0.0355
2026-03-23T18:34:35Z,96cb1cd,main,memory_reduction_factor_all_levels,0.0316,0.0327,0.0342
2026-03-23T18:34:35Z,96cb1cd,main,estimate_memory/70B_fp32,0.2516,0.2564,0.2623
2026-03-23T18:34:35Z,96cb1cd,main,estimate_memory/70B_fp16,0.2510,0.2577,0.2658
2026-03-23T18:34:35Z,96cb1cd,main,estimate_memory/70B_bf16,0.2519,0.2595,0.2685
2026-03-23T18:34:35Z,96cb1cd,main,estimate_memory/70B_int8,0.2518,0.2607,0.2709
2026-03-23T18:34:35Z,96cb1cd,main,estimate_memory/70B_int4,0.2541,0.2638,0.2750
2026-03-23T18:34:35Z,96cb1cd,main,suggest_quantization/1B_1gpu,5.6321,6.0792,6.5890
2026-03-23T18:34:35Z,96cb1cd,main,suggest_quantization/7B_1gpu,5.4212,5.4869,5.5441
2026-03-23T18:34:35Z,96cb1cd,main,suggest_quantization/13B_1gpu,5.6809,5.7089,5.7375
2026-03-23T18:34:35Z,96cb1cd,main,suggest_quantization/70B_1gpu,6.6465,6.6629,6.6799
2026-03-23T18:34:35Z,96cb1cd,main,suggest_quantization/405B_1gpu,6.6880,6.7566,6.8692
2026-03-23T18:34:35Z,96cb1cd,main,registry_queries/available_4dev,54.188,54.572,55.092
2026-03-23T18:34:35Z,96cb1cd,main,registry_queries/available_129dev,343.62,344.79,345.93
2026-03-23T18:34:35Z,96cb1cd,main,registry_queries/available_61dev_mixed,170.70,171.33,171.96
2026-03-23T18:34:35Z,96cb1cd,main,registry_queries/best_available_129dev,131.22,131.63,132.06
2026-03-23T18:34:35Z,96cb1cd,main,registry_queries/total_memory_129dev,40.462,41.132,41.862
2026-03-23T18:34:35Z,96cb1cd,main,registry_queries/total_accelerator_memory_129dev,50.869,51.565,52.223
2026-03-23T18:34:35Z,96cb1cd,main,registry_queries/has_accelerator_129dev,1.2664,1.2726,1.2786
2026-03-23T18:34:35Z,96cb1cd,main,registry_queries/by_family_gpu_61dev,188.49,188.97,189.48
2026-03-23T18:34:35Z,96cb1cd,main,registry_queries/by_family_tpu_61dev,89.487,90.325,91.437
2026-03-23T18:34:35Z,96cb1cd,main,registry_queries/satisfying_gpu_61dev,230.34,231.04,231.74
2026-03-23T18:34:35Z,96cb1cd,main,registry_queries/satisfying_any_accel_61dev,217.99,219.77,222.50
2026-03-23T18:34:35Z,96cb1cd,main,cached_registry/get_cached_hit,28.889,28.973,29.059
2026-03-23T18:34:35Z,96cb1cd,main,cached_registry/invalidate,3.6008,3.6378,3.6748
2026-03-23T18:34:35Z,96cb1cd,main,lazy_registry/new,10680.0000,10715.0000,10754.0000
2026-03-23T18:34:35Z,96cb1cd,main,lazy_registry/by_family_gpu_cold,1020300.0000,1031800.0000,1046500.0000
2026-03-23T18:34:35Z,96cb1cd,main,lazy_registry/by_family_gpu_warm,46.364,48.409,51.013
2026-03-23T18:34:35Z,96cb1cd,main,lazy_registry/into_registry,2057400.0000,2147000.0000,2254900.0000
2026-03-23T18:34:35Z,96cb1cd,main,large_registry_sharding/plan_sharding_70B_128gpu,1336.4000,1348.1000,1363.9000
2026-03-23T18:34:35Z,96cb1cd,main,large_registry_sharding/plan_sharding_405B_128gpu,1307.2000,1311.0000,1314.8000
2026-03-23T18:34:35Z,96cb1cd,main,large_registry_sharding/suggest_quantization_70B_128gpu,228.21,228.78,229.35
2026-03-23T18:34:35Z,96cb1cd,main,large_registry_sharding/plan_sharding_70B_mixed_61dev,150.90,151.75,152.64
2026-03-23T18:34:35Z,96cb1cd,main,large_json/serialize_129dev,14834.0000,14869.0000,14904.0000
2026-03-23T18:34:35Z,96cb1cd,main,large_json/deserialize_129dev,25090.0000,26116.0000,27401.0000
2026-03-23T18:34:35Z,96cb1cd,main,training_memory/7B_full_finetune_gpu,3.3197,3.5015,3.7311
2026-03-23T18:34:35Z,96cb1cd,main,training_memory/7B_lora_gpu,3.0089,3.0293,3.0563
2026-03-23T18:34:35Z,96cb1cd,main,training_memory/7B_qlora_4bit_gpu,3.0474,3.1748,3.3409
2026-03-23T18:34:35Z,96cb1cd,main,training_memory/7B_qlora_8bit_gpu,3.0371,3.1594,3.3152
2026-03-23T18:34:35Z,96cb1cd,main,training_memory/7B_prefix_gpu,3.2675,3.4684,3.7156
2026-03-23T18:34:35Z,96cb1cd,main,training_memory/7B_dpo_gpu,3.0294,3.1937,3.3992
2026-03-23T18:34:35Z,96cb1cd,main,training_memory/7B_rlhf_gpu,3.0485,3.2512,3.5061
2026-03-23T18:34:35Z,96cb1cd,main,training_memory/7B_distillation_gpu,2.7561,2.7704,2.7888
2026-03-23T18:34:35Z,96cb1cd,main,training_targets/7B_full_gpu,3.3103,3.4062,3.5336
2026-03-23T18:34:35Z,96cb1cd,main,training_targets/7B_full_tpu,2.6452,2.6627,2.6847
2026-03-23T18:34:35Z,96cb1cd,main,training_targets/7B_full_gaudi,2.6306,2.6450,2.6644
2026-03-23T18:34:35Z,96cb1cd,main,training_targets/7B_full_cpu,3.3271,3.4470,3.6044
2026-03-23T18:34:35Z,96cb1cd,main,training_model_sizes/1B_lora_gpu,3.3626,3.4713,3.6118
2026-03-23T18:34:35Z,96cb1cd,main,training_model_sizes/7B_lora_gpu,3.4286,3.6615,3.9532
2026-03-23T18:34:35Z,96cb1cd,main,training_model_sizes/13B_lora_gpu,3.3973,3.6632,3.9745
2026-03-23T18:34:35Z,96cb1cd,main,training_model_sizes/70B_lora_gpu,3.5980,3.9151,4.2838
2026-03-23T18:34:35Z,96cb1cd,main,training_model_sizes/405B_lora_gpu,3.3473,3.6269,3.9875
2026-03-23T19:10:01Z,e7525ec,main,load_pricing_table,3.0883,3.1641,3.2396
2026-03-23T19:10:01Z,e7525ec,main,recommend_instance/7B_bf16_all,5033.8000,5128.0000,5221.1000
2026-03-23T19:10:01Z,e7525ec,main,recommend_instance/7B_int8_aws,1859.1000,1888.8000,1917.7000
2026-03-23T19:10:01Z,e7525ec,main,recommend_instance/70B_bf16_all,1839.1000,1972.0000,2118.6000
2026-03-23T19:10:01Z,e7525ec,main,recommend_instance/70B_int4_gcp,558.61,562.28,566.50
2026-03-23T19:10:01Z,e7525ec,main,cheapest_instance/7B_bf16,2787.9000,2803.7000,2822.6000
2026-03-23T19:10:01Z,e7525ec,main,cheapest_instance/70B_bf16,1338.6000,1410.2000,1493.7000
2026-03-23T19:10:01Z,e7525ec,main,detect_all,2566700.0000,2986900.0000,3421400.0000
2026-03-23T19:10:01Z,e7525ec,main,detect_none (CPU only),150490.0000,151070.0000,151750.0000
2026-03-23T19:10:01Z,e7525ec,main,detect_single/cuda,171290.0000,175960.0000,181630.0000
2026-03-23T19:10:01Z,e7525ec,main,detect_single/rocm,965770.0000,974350.0000,982750.0000
2026-03-23T19:10:01Z,e7525ec,main,detect_single/vulkan,166150.0000,171400.0000,177560.0000
2026-03-23T19:10:01Z,e7525ec,main,detect_single/apple,170250.0000,172000.0000,174340.0000
2026-03-23T19:10:01Z,e7525ec,main,detect_single/tpu,191190.0000,194980.0000,199730.0000
2026-03-23T19:10:01Z,e7525ec,main,system_io/full_with_sysio,998020.0000,1007600.0000,1020700.0000
2026-03-23T19:10:01Z,e7525ec,main,system_io/query_system_io,4.0016,4.1902,4.4233
2026-03-23T19:10:01Z,e7525ec,main,system_io/serialize_registry,863.71,889.80,923.04
2026-03-23T19:10:01Z,e7525ec,main,system_io/deserialize_registry,1321.4000,1398.7000,1495.0000
2026-03-23T19:10:01Z,e7525ec,main,concurrent_detect_4_threads,3383200.0000,3823700.0000,4361000.0000
2026-03-23T19:10:01Z,e7525ec,main,parse_nvidia_bandwidth_8gpu,588.22,624.59,667.62
2026-03-23T19:10:01Z,e7525ec,main,nvidia_bus_width_all_ccs,22.854,23.195,23.553
2026-03-23T19:10:01Z,e7525ec,main,estimate_bw_from_cc_all,27.535,28.805,30.289
2026-03-23T19:10:01Z,e7525ec,main,parse_max_dpm_clock,134.29,145.17,158.45
2026-03-23T19:10:01Z,e7525ec,main,parse_link_speed,47.813,51.736,56.403
2026-03-23T19:10:01Z,e7525ec,main,parse_ib_rate,52.307,56.699,61.802
2026-03-23T19:10:01Z,e7525ec,main,parse_nvlink_output_2gpu,579.56,629.96,686.90
2026-03-23T19:10:01Z,e7525ec,main,parse_cuda_output_8gpu,3678.5000,4024.4000,4389.7000
2026-03-23T19:10:01Z,e7525ec,main,parse_vulkan_output_2gpu,1024.3000,1100.0000,1189.9000
2026-03-23T19:10:01Z,e7525ec,main,parse_gaudi_output_8dev,1580.3000,1707.2000,1847.7000
2026-03-23T19:10:01Z,e7525ec,main,plan_sharding 70B BF16 (4 GPU),89.047,95.206,102.51
2026-03-23T19:10:01Z,e7525ec,main,plan_sharding 70B BF16 (13 devices),44.884,48.805,52.778
2026-03-23T19:10:01Z,e7525ec,main,suggest_quantization 70B (4 GPU),11.464,11.835,12.256
2026-03-23T19:10:01Z,e7525ec,main,suggest_quantization 70B (13 devices),26.722,28.177,29.814
2026-03-23T19:10:01Z,e7525ec,main,estimate_memory 70B FP16,0.2735,0.2807,0.2894
2026-03-23T19:10:01Z,e7525ec,main,estimate_training_memory 7B LoRA GPU,3.6751,3.9217,4.1900
2026-03-23T19:10:01Z,e7525ec,main,best_available (13 devices),28.085,29.775,31.669
2026-03-23T19:10:01Z,e7525ec,main,total_memory (13 devices),6.5393,7.1946,7.8990
2026-03-23T19:10:01Z,e7525ec,main,json_roundtrip/serialize (13 devices),2530.5000,2645.9000,2788.9000
2026-03-23T19:10:01Z,e7525ec,main,json_roundtrip/deserialize (13 devices),3729.4000,3935.3000,4183.7000
2026-03-23T19:10:01Z,e7525ec,main,by_family GPU (13 devices),62.898,63.117,63.376
2026-03-23T19:10:01Z,e7525ec,main,bits_per_param_all_levels,0.0338,0.0346,0.0358
2026-03-23T19:10:01Z,e7525ec,main,memory_reduction_factor_all_levels,0.0336,0.0374,0.0416
2026-03-23T19:10:01Z,e7525ec,main,estimate_memory/70B_fp32,0.2647,0.2749,0.2859
2026-03-23T19:10:01Z,e7525ec,main,estimate_memory/70B_fp16,0.2776,0.2903,0.3044
2026-03-23T19:10:01Z,e7525ec,main,estimate_memory/70B_bf16,0.2691,0.2808,0.2935
2026-03-23T19:10:01Z,e7525ec,main,estimate_memory/70B_int8,0.2665,0.2782,0.2902
2026-03-23T19:10:01Z,e7525ec,main,estimate_memory/70B_int4,0.2639,0.2721,0.2819
2026-03-23T19:10:01Z,e7525ec,main,suggest_quantization/1B_1gpu,6.3097,6.7587,7.2718
2026-03-23T19:10:01Z,e7525ec,main,suggest_quantization/7B_1gpu,6.5443,6.9205,7.3775
2026-03-23T19:10:01Z,e7525ec,main,suggest_quantization/13B_1gpu,6.2465,6.5093,6.8385
2026-03-23T19:10:01Z,e7525ec,main,suggest_quantization/70B_1gpu,6.8205,7.1197,7.5031
2026-03-23T19:10:01Z,e7525ec,main,suggest_quantization/405B_1gpu,6.8708,7.4977,8.1737
2026-03-23T19:10:01Z,e7525ec,main,registry_queries/available_4dev,61.034,65.428,70.632
2026-03-23T19:10:01Z,e7525ec,main,registry_queries/available_129dev,400.95,425.04,455.70
2026-03-23T19:10:01Z,e7525ec,main,registry_queries/available_61dev_mixed,193.11,206.89,223.48
2026-03-23T19:10:01Z,e7525ec,main,registry_queries/best_available_129dev,139.63,142.34,145.91
2026-03-23T19:10:01Z,e7525ec,main,registry_queries/total_memory_129dev,41.710,42.412,43.361
2026-03-23T19:10:01Z,e7525ec,main,registry_queries/total_accelerator_memory_129dev,56.497,59.779,64.014
2026-03-23T19:10:01Z,e7525ec,main,registry_queries/has_accelerator_129dev,1.3234,1.3600,1.4078
2026-03-23T19:10:01Z,e7525ec,main,registry_queries/by_family_gpu_61dev,227.23,229.89,233.52
2026-03-23T19:10:01Z,e7525ec,main,registry_queries/by_family_tpu_61dev,97.430,100.76,105.12
2026-03-23T19:10:01Z,e7525ec,main,registry_queries/satisfying_gpu_61dev,235.25,242.32,251.68
2026-03-23T19:10:01Z,e7525ec,main,registry_queries/satisfying_any_accel_61dev,228.93,232.04,236.26
2026-03-23T19:10:01Z,e7525ec,main,cached_registry/get_cached_hit,29.356,29.420,29.488
2026-03-23T19:10:01Z,e7525ec,main,cached_registry/invalidate,3.6046,3.6256,3.6472
2026-03-23T19:10:01Z,e7525ec,main,lazy_registry/new,10528.0000,10554.0000,10578.0000
2026-03-23T19:10:01Z,e7525ec,main,lazy_registry/by_family_gpu_cold,1002100.0000,1002900.0000,1003800.0000
2026-03-23T19:10:01Z,e7525ec,main,lazy_registry/by_family_gpu_warm,47.411,47.690,48.064
2026-03-23T19:10:01Z,e7525ec,main,lazy_registry/into_registry,2062700.0000,2158300.0000,2275500.0000
2026-03-23T19:10:01Z,e7525ec,main,large_registry_sharding/plan_sharding_70B_128gpu,1280.3000,1284.1000,1288.2000
2026-03-23T19:10:01Z,e7525ec,main,large_registry_sharding/plan_sharding_405B_128gpu,1303.9000,1313.6000,1323.7000
2026-03-23T19:10:01Z,e7525ec,main,large_registry_sharding/suggest_quantization_70B_128gpu,228.09,228.79,229.32
2026-03-23T19:10:01Z,e7525ec,main,large_registry_sharding/plan_sharding_70B_mixed_61dev,141.70,144.55,147.07
2026-03-23T19:10:01Z,e7525ec,main,large_json/serialize_129dev,15560.0000,15786.0000,16096.0000
2026-03-23T19:10:01Z,e7525ec,main,large_json/deserialize_129dev,25002.0000,25864.0000,26972.0000
2026-03-23T19:10:01Z,e7525ec,main,training_memory/7B_full_finetune_gpu,2.7090,2.7150,2.7207
2026-03-23T19:10:01Z,e7525ec,main,training_memory/7B_lora_gpu,2.7185,2.7280,2.7382
2026-03-23T19:10:01Z,e7525ec,main,training_memory/7B_qlora_4bit_gpu,2.8079,2.8156,2.8231
2026-03-23T19:10:01Z,e7525ec,main,training_memory/7B_qlora_8bit_gpu,2.8168,2.8262,2.8356
2026-03-23T19:10:01Z,e7525ec,main,training_memory/7B_prefix_gpu,3.2194,3.2271,3.2348
2026-03-23T19:10:01Z,e7525ec,main,training_memory/7B_dpo_gpu,2.7543,2.7686,2.7834
2026-03-23T19:10:01Z,e7525ec,main,training_memory/7B_rlhf_gpu,2.7625,2.7827,2.8062
2026-03-23T19:10:01Z,e7525ec,main,training_memory/7B_distillation_gpu,2.7760,2.8443,2.9264
2026-03-23T19:10:01Z,e7525ec,main,training_targets/7B_full_gpu,2.7624,2.7965,2.8406
2026-03-23T19:10:01Z,e7525ec,main,training_targets/7B_full_tpu,3.5232,3.6362,3.7281
2026-03-23T19:10:01Z,e7525ec,main,training_targets/7B_full_gaudi,2.8006,2.8707,2.9556
2026-03-23T19:10:01Z,e7525ec,main,training_targets/7B_full_cpu,2.7512,2.7598,2.7685
2026-03-23T19:10:01Z,e7525ec,main,training_model_sizes/1B_lora_gpu,2.6759,2.8123,3.0050
2026-03-23T19:10:01Z,e7525ec,main,training_model_sizes/7B_lora_gpu,2.5604,2.5707,2.5819
2026-03-23T19:10:01Z,e7525ec,main,training_model_sizes/13B_lora_gpu,2.6522,2.7892,2.9583
2026-03-23T19:10:01Z,e7525ec,main,training_model_sizes/70B_lora_gpu,2.6430,2.6982,2.7710
2026-03-23T19:10:01Z,e7525ec,main,training_model_sizes/405B_lora_gpu,2.6720,2.8806,3.1250
2026-03-23T19:46:06Z,e7525ec,main,load_pricing_table,1.5010,1.5914,1.6872
2026-03-23T19:46:06Z,e7525ec,main,recommend_instance/7B_bf16_all,2446.7000,2455.7000,2465.2000
2026-03-23T19:46:06Z,e7525ec,main,recommend_instance/7B_int8_aws,1708.8000,1781.6000,1846.9000
2026-03-23T19:46:06Z,e7525ec,main,recommend_instance/70B_bf16_all,1290.0000,1318.2000,1350.6000
2026-03-23T19:46:06Z,e7525ec,main,recommend_instance/70B_int4_gcp,500.52,505.40,510.96
2026-03-23T19:46:06Z,e7525ec,main,cheapest_instance/7B_bf16,2590.6000,2599.3000,2607.9000
2026-03-23T19:46:06Z,e7525ec,main,cheapest_instance/70B_bf16,1216.9000,1223.9000,1232.2000
2026-03-23T19:46:06Z,e7525ec,main,detect_all,1635600.0000,1974700.0000,2350900.0000
2026-03-23T19:46:06Z,e7525ec,main,detect_none (CPU only),149000.0000,155830.0000,163080.0000
2026-03-23T19:46:06Z,e7525ec,main,detect_single/cuda,162410.0000,167430.0000,173340.0000
2026-03-23T19:46:06Z,e7525ec,main,detect_single/rocm,1021700.0000,1032100.0000,1044300.0000
2026-03-23T19:46:06Z,e7525ec,main,detect_single/vulkan,202800.0000,213850.0000,223600.0000
2026-03-23T19:46:06Z,e7525ec,main,detect_single/apple,173220.0000,175610.0000,178590.0000
2026-03-23T19:46:06Z,e7525ec,main,detect_single/tpu,295160.0000,302370.0000,310090.0000
2026-03-23T19:46:06Z,e7525ec,main,system_io/full_with_sysio,2966900.0000,3408700.0000,3885400.0000
2026-03-23T19:46:06Z,e7525ec,main,system_io/query_system_io,4.9291,5.1692,5.4727
2026-03-23T19:46:06Z,e7525ec,main,system_io/ingestion_1gb,2.9054,2.9276,2.9518
2026-03-23T19:46:06Z,e7525ec,main,system_io/ingestion_100gb,2.9559,3.0072,3.0718
2026-03-23T19:46:06Z,e7525ec,main,system_io/ingestion_1tb,3.3369,3.5123,3.7177
2026-03-23T19:46:06Z,e7525ec,main,system_io/serialize_registry,888.33,913.36,945.08
2026-03-23T19:46:06Z,e7525ec,main,system_io/deserialize_registry,1319.5000,1388.5000,1474.1000
2026-03-23T19:46:06Z,e7525ec,main,concurrent_detect_4_threads,3201700.0000,3562100.0000,4002100.0000
2026-03-23T19:46:06Z,e7525ec,main,parse_nvidia_bandwidth_8gpu,547.36,560.03,576.72
2026-03-23T19:46:06Z,e7525ec,main,nvidia_bus_width_all_ccs,19.916,20.460,21.112
2026-03-23T19:46:06Z,e7525ec,main,estimate_bw_from_cc_all,40.455,41.327,42.111
2026-03-23T19:46:06Z,e7525ec,main,parse_max_dpm_clock,125.02,125.73,126.61
2026-03-23T19:46:06Z,e7525ec,main,parse_link_speed,46.283,46.498,46.742
2026-03-23T19:46:06Z,e7525ec,main,parse_ib_rate,47.658,50.415,53.852
2026-03-23T19:46:06Z,e7525ec,main,parse_nvlink_output_2gpu,561.48,564.84,569.60
2026-03-23T19:46:06Z,e7525ec,main,parse_cuda_output_8gpu,3596.4000,3606.8000,3617.2000
2026-03-23T19:46:06Z,e7525ec,main,parse_vulkan_output_2gpu,1488.5000,1570.6000,1652.1000
2026-03-23T19:46:06Z,e7525ec,main,parse_gaudi_output_8dev,1877.7000,1999.6000,2136.7000
2026-03-23T19:46:06Z,e7525ec,main,plan_sharding 70B BF16 (4 GPU),85.119,87.524,90.490
2026-03-23T19:46:06Z,e7525ec,main,plan_sharding 70B BF16 (13 devices),35.666,36.347,37.087
2026-03-23T19:46:06Z,e7525ec,main,suggest_quantization 70B (4 GPU),8.9956,9.1295,9.2978
2026-03-23T19:46:06Z,e7525ec,main,suggest_quantization 70B (13 devices),25.262,25.781,26.361
2026-03-23T19:46:06Z,e7525ec,main,estimate_memory 70B FP16,0.2513,0.2545,0.2587
2026-03-23T19:46:06Z,e7525ec,main,estimate_training_memory 7B LoRA GPU,3.0079,3.1561,3.3420
2026-03-23T19:46:06Z,e7525ec,main,best_available (13 devices),26.948,28.192,29.681
2026-03-23T19:46:06Z,e7525ec,main,total_memory (13 devices),5.6633,5.7470,5.8655
2026-03-23T19:46:06Z,e7525ec,main,json_roundtrip/serialize (13 devices),2245.4000,2256.6000,2268.6000
2026-03-23T19:46:06Z,e7525ec,main,json_roundtrip/deserialize (13 devices),3258.6000,3270.4000,3282.5000
2026-03-23T19:46:06Z,e7525ec,main,by_family GPU (13 devices),78.149,78.517,78.948
2026-03-23T19:46:06Z,e7525ec,main,bits_per_param_all_levels,0.0310,0.0311,0.0312
2026-03-23T19:46:06Z,e7525ec,main,memory_reduction_factor_all_levels,0.0306,0.0307,0.0308
2026-03-23T19:46:06Z,e7525ec,main,estimate_memory/70B_fp32,0.2467,0.2474,0.2483
2026-03-23T19:46:06Z,e7525ec,main,estimate_memory/70B_fp16,0.2472,0.2478,0.2484
2026-03-23T19:46:06Z,e7525ec,main,estimate_memory/70B_bf16,0.2493,0.2507,0.2522
2026-03-23T19:46:06Z,e7525ec,main,estimate_memory/70B_int8,0.2456,0.2462,0.2467
2026-03-23T19:46:06Z,e7525ec,main,estimate_memory/70B_int4,0.2493,0.2498,0.2505
2026-03-23T19:46:06Z,e7525ec,main,suggest_quantization/1B_1gpu,6.5038,6.9804,7.5303
2026-03-23T19:46:06Z,e7525ec,main,suggest_quantization/7B_1gpu,5.9928,6.2149,6.4951
2026-03-23T19:46:06Z,e7525ec,main,suggest_quantization/13B_1gpu,6.0447,6.3398,6.7079
2026-03-23T19:46:06Z,e7525ec,main,suggest_quantization/70B_1gpu,6.3310,6.6992,7.1492
2026-03-23T19:46:06Z,e7525ec,main,suggest_quantization/405B_1gpu,6.2817,6.7817,7.3615
2026-03-23T19:46:06Z,e7525ec,main,registry_queries/available_4dev,58.143,63.142,68.642
2026-03-23T19:46:06Z,e7525ec,main,registry_queries/available_129dev,341.81,359.73,382.38
2026-03-23T19:46:06Z,e7525ec,main,registry_queries/available_61dev_mixed,191.67,204.93,221.16
2026-03-23T19:46:06Z,e7525ec,main,registry_queries/best_available_129dev,162.83,177.29,194.64
2026-03-23T19:46:06Z,e7525ec,main,registry_queries/total_memory_129dev,43.442,45.989,49.118
2026-03-23T19:46:06Z,e7525ec,main,registry_queries/total_accelerator_memory_129dev,58.532,62.693,67.898
2026-03-23T19:46:06Z,e7525ec,main,registry_queries/has_accelerator_129dev,1.3864,1.4486,1.5258
2026-03-23T19:46:06Z,e7525ec,main,registry_queries/by_family_gpu_61dev,220.74,228.58,238.78
2026-03-23T19:46:06Z,e7525ec,main,registry_queries/by_family_tpu_61dev,110.28,117.88,127.02
2026-03-23T19:46:06Z,e7525ec,main,registry_queries/satisfying_gpu_61dev,248.41,260.35,275.55
2026-03-23T19:46:06Z,e7525ec,main,registry_queries/satisfying_any_accel_61dev,246.80,265.42,287.48
2026-03-23T19:46:06Z,e7525ec,main,cached_registry/get_cached_hit,30.056,30.436,30.945
2026-03-23T19:46:06Z,e7525ec,main,cached_registry/invalidate,4.1508,4.3444,4.5495
2026-03-23T19:46:06Z,e7525ec,main,lazy_registry/new,11699.0000,12032.0000,12452.0000
2026-03-23T19:46:06Z,e7525ec,main,lazy_registry/by_family_gpu_cold,1057500.0000,1094900.0000,1137200.0000
2026-03-23T19:46:06Z,e7525ec,main,lazy_registry/by_family_gpu_warm,51.840,55.363,59.351
2026-03-23T19:46:06Z,e7525ec,main,lazy_registry/into_registry,2255300.0000,3692100.0000,6435200.0000
2026-03-23T19:46:06Z,e7525ec,main,large_registry_sharding/plan_sharding_70B_128gpu,1490.9000,1560.1000,1648.1000
2026-03-23T19:46:06Z,e7525ec,main,large_registry_sharding/plan_sharding_405B_128gpu,1468.6000,1556.1000,1664.2000
2026-03-23T19:46:06Z,e7525ec,main,large_registry_sharding/suggest_quantization_70B_128gpu,204.15,224.93,249.10
2026-03-23T19:46:06Z,e7525ec,main,large_registry_sharding/plan_sharding_70B_mixed_61dev,158.09,166.49,176.27
2026-03-23T19:46:06Z,e7525ec,main,large_json/serialize_129dev,17426.0000,18494.0000,19776.0000
2026-03-23T19:46:06Z,e7525ec,main,large_json/deserialize_129dev,29098.0000,30980.0000,33192.0000
2026-03-23T19:46:06Z,e7525ec,main,training_memory/7B_full_finetune_gpu,3.5150,3.7946,4.1119
2026-03-23T19:46:06Z,e7525ec,main,training_memory/7B_lora_gpu,3.7974,4.1144,4.4842
2026-03-23T19:46:06Z,e7525ec,main,training_memory/7B_qlora_4bit_gpu,3.8806,4.1785,4.5220
2026-03-23T19:46:06Z,e7525ec,main,training_memory/7B_qlora_8bit_gpu,4.0214,4.3793,4.7819
2026-03-23T19:46:06Z,e7525ec,main,training_memory/7B_prefix_gpu,3.8990,4.2549,4.6592
2026-03-23T19:46:06Z,e7525ec,main,training_memory/7B_dpo_gpu,3.8517,4.1713,4.5403
2026-03-23T19:46:06Z,e7525ec,main,training_memory/7B_rlhf_gpu,4.1616,4.5329,4.9387
2026-03-23T19:46:06Z,e7525ec,main,training_memory/7B_distillation_gpu,3.4197,3.7615,4.1137
2026-03-23T19:46:06Z,e7525ec,main,training_targets/7B_full_gpu,3.4138,3.7197,4.0486
2026-03-23T19:46:06Z,e7525ec,main,training_targets/7B_full_tpu,3.0490,3.2222,3.4419
2026-03-23T19:46:06Z,e7525ec,main,training_targets/7B_full_gaudi,3.4111,3.7009,4.0231
2026-03-23T19:46:06Z,e7525ec,main,training_targets/7B_full_cpu,3.2463,3.4253,3.6435
2026-03-23T19:46:06Z,e7525ec,main,training_model_sizes/1B_lora_gpu,3.5321,3.8187,4.1544
2026-03-23T19:46:06Z,e7525ec,main,training_model_sizes/7B_lora_gpu,3.2438,3.3689,3.5296
2026-03-23T19:46:06Z,e7525ec,main,training_model_sizes/13B_lora_gpu,3.2271,3.4315,3.6808
2026-03-23T19:46:06Z,e7525ec,main,training_model_sizes/70B_lora_gpu,3.2255,3.4501,3.7216
2026-03-23T19:46:06Z,e7525ec,main,training_model_sizes/405B_lora_gpu,3.3902,3.6734,3.9971
2026-03-23T20:23:27Z,a281283,main,load_pricing_table,1.6139,1.7029,1.7910
2026-03-23T20:23:27Z,a281283,main,recommend_instance/7B_bf16_all,2736.5000,2874.1000,3037.0000
2026-03-23T20:23:27Z,a281283,main,recommend_instance/7B_int8_aws,1026.5000,1091.5000,1166.3000
2026-03-23T20:23:27Z,a281283,main,recommend_instance/70B_bf16_all,1288.4000,1392.4000,1510.0000
2026-03-23T20:23:27Z,a281283,main,recommend_instance/70B_int4_gcp,572.71,603.34,640.60
2026-03-23T20:23:27Z,a281283,main,cheapest_instance/7B_bf16,2991.8000,3279.3000,3561.1000
2026-03-23T20:23:27Z,a281283,main,cheapest_instance/70B_bf16,1236.2000,1301.6000,1384.1000
2026-03-23T20:23:27Z,a281283,main,detect_all,981410.0000,1002100.0000,1024500.0000
2026-03-23T20:23:27Z,a281283,main,detect_none (CPU only),149710.0000,153330.0000,157790.0000
2026-03-23T20:23:27Z,a281283,main,detect_single/cuda,169550.0000,173450.0000,178900.0000
2026-03-23T20:23:27Z,a281283,main,detect_single/rocm,940430.0000,950900.0000,961750.0000
2026-03-23T20:23:27Z,a281283,main,detect_single/vulkan,169280.0000,174740.0000,181040.0000
2026-03-23T20:23:27Z,a281283,main,detect_single/apple,179940.0000,186020.0000,193400.0000
2026-03-23T20:23:27Z,a281283,main,detect_single/tpu,205450.0000,213620.0000,222550.0000
2026-03-23T20:23:27Z,a281283,main,system_io/full_with_sysio,981830.0000,1002100.0000,1025600.0000
2026-03-23T20:23:27Z,a281283,main,system_io/query_system_io,4.3999,4.7157,5.0837
2026-03-23T20:23:27Z,a281283,main,system_io/ingestion_1gb,3.2858,3.6043,3.9705
2026-03-23T20:23:27Z,a281283,main,system_io/ingestion_100gb,3.3862,3.7518,4.1455
2026-03-23T20:23:27Z,a281283,main,system_io/ingestion_1tb,3.4502,3.7982,4.2104
2026-03-23T20:23:27Z,a281283,main,system_io/serialize_registry,921.00,995.44,1077.5000
2026-03-23T20:23:27Z,a281283,main,system_io/deserialize_registry,1380.3000,1494.8000,1618.4000
2026-03-23T20:23:27Z,a281283,main,concurrent_detect_4_threads,4004000.0000,4586700.0000,5236000.0000
2026-03-23T20:23:27Z,a281283,main,parse_nvidia_bandwidth_8gpu,591.16,604.63,623.03
2026-03-23T20:23:27Z,a281283,main,nvidia_bus_width_all_ccs,19.687,19.994,20.288
2026-03-23T20:23:27Z,a281283,main,estimate_bw_from_cc_all,22.328,22.849,23.519
2026-03-23T20:23:27Z,a281283,main,parse_max_dpm_clock,134.52,138.52,143.74
2026-03-23T20:23:27Z,a281283,main,parse_link_speed,42.512,42.588,42.662
2026-03-23T20:23:27Z,a281283,main,parse_ib_rate,44.237,44.467,44.769
2026-03-23T20:23:27Z,a281283,main,parse_nvlink_output_2gpu,527.35,528.66,530.00
2026-03-23T20:23:27Z,a281283,main,parse_cuda_output_8gpu,3136.3000,3221.9000,3333.5000
2026-03-23T20:23:27Z,a281283,main,parse_vulkan_output_2gpu,876.72,923.96,980.91
2026-03-23T20:23:27Z,a281283,main,parse_gaudi_output_8dev,1368.4000,1403.7000,1449.9000
2026-03-23T20:23:27Z,a281283,main,plan_sharding 70B BF16 (4 GPU),77.198,79.869,83.369
2026-03-23T20:23:27Z,a281283,main,plan_sharding 70B BF16 (13 devices),33.677,34.935,36.543
2026-03-23T20:23:27Z,a281283,main,suggest_quantization 70B (4 GPU),10.489,10.807,11.166
2026-03-23T20:23:27Z,a281283,main,suggest_quantization 70B (13 devices),22.235,22.390,22.516
2026-03-23T20:23:27Z,a281283,main,estimate_memory 70B FP16,0.2377,0.2385,0.2395
2026-03-23T20:23:27Z,a281283,main,estimate_training_memory 7B LoRA GPU,2.4035,2.4124,2.4224
2026-03-23T20:23:27Z,a281283,main,best_available (13 devices),25.063,25.325,25.594
2026-03-23T20:23:27Z,a281283,main,total_memory (13 devices),5.1685,5.2033,5.2543
2026-03-23T20:23:27Z,a281283,main,json_roundtrip/serialize (13 devices),2022.1000,2027.8000,2034.0000
2026-03-23T20:23:27Z,a281283,main,json_roundtrip/deserialize (13 devices),3096.3000,3105.0000,3113.7000
2026-03-23T20:23:27Z,a281283,main,by_family GPU (13 devices),55.591,55.894,56.291
2026-03-23T20:23:27Z,a281283,main,bits_per_param_all_levels,0.0289,0.0290,0.0291
2026-03-23T20:23:27Z,a281283,main,memory_reduction_factor_all_levels,0.0289,0.0290,0.0291
2026-03-23T20:23:27Z,a281283,main,estimate_memory/70B_fp32,0.2354,0.2364,0.2375
2026-03-23T20:23:27Z,a281283,main,estimate_memory/70B_fp16,0.2368,0.2376,0.2385
2026-03-23T20:23:27Z,a281283,main,estimate_memory/70B_bf16,0.2368,0.2375,0.2382
2026-03-23T20:23:27Z,a281283,main,estimate_memory/70B_int8,0.2380,0.2391,0.2403
2026-03-23T20:23:27Z,a281283,main,estimate_memory/70B_int4,0.2360,0.2369,0.2378
2026-03-23T20:23:27Z,a281283,main,suggest_quantization/1B_1gpu,5.4426,5.4636,5.4853
2026-03-23T20:23:27Z,a281283,main,suggest_quantization/7B_1gpu,5.4674,5.5032,5.5334
2026-03-23T20:23:27Z,a281283,main,suggest_quantization/13B_1gpu,5.6863,5.7128,5.7366
2026-03-23T20:23:27Z,a281283,main,suggest_quantization/70B_1gpu,5.6778,5.7205,5.7640
2026-03-23T20:23:27Z,a281283,main,suggest_quantization/405B_1gpu,5.7674,5.8032,5.8402
2026-03-23T20:23:27Z,a281283,main,registry_queries/available_4dev,53.038,53.226,53.423
2026-03-23T20:23:27Z,a281283,main,registry_queries/available_129dev,334.22,336.90,340.48
2026-03-23T20:23:27Z,a281283,main,registry_queries/available_61dev_mixed,174.03,175.08,176.30
2026-03-23T20:23:27Z,a281283,main,registry_queries/best_available_129dev,134.39,134.86,135.35
2026-03-23T20:23:27Z,a281283,main,registry_queries/total_memory_129dev,41.420,41.655,41.893
2026-03-23T20:23:27Z,a281283,main,registry_queries/total_accelerator_memory_129dev,48.922,49.238,49.623
2026-03-23T20:23:27Z,a281283,main,registry_queries/has_accelerator_129dev,1.2273,1.2375,1.2477
2026-03-23T20:23:27Z,a281283,main,registry_queries/by_family_gpu_61dev,208.91,209.69,210.46
2026-03-23T20:23:27Z,a281283,main,registry_queries/by_family_tpu_61dev,91.244,91.867,92.672
2026-03-23T20:23:27Z,a281283,main,registry_queries/satisfying_gpu_61dev,214.22,214.81,215.41
2026-03-23T20:23:27Z,a281283,main,registry_queries/satisfying_any_accel_61dev,212.53,213.51,214.64
2026-03-23T20:23:27Z,a281283,main,cached_registry/get_cached_hit,28.810,28.922,29.033
2026-03-23T20:23:27Z,a281283,main,cached_registry/invalidate,3.6438,3.6694,3.6956
2026-03-23T20:23:27Z,a281283,main,lazy_registry/new,10161.0000,10205.0000,10248.0000
2026-03-23T20:23:27Z,a281283,main,lazy_registry/by_family_gpu_cold,1002600.0000,1004200.0000,1006100.0000
2026-03-23T20:23:27Z,a281283,main,lazy_registry/by_family_gpu_warm,44.337,44.561,44.836
2026-03-23T20:23:27Z,a281283,main,lazy_registry/into_registry,2005000.0000,2007600.0000,2010700.0000
2026-03-23T20:23:27Z,a281283,main,large_registry_sharding/plan_sharding_70B_128gpu,1266.4000,1270.6000,1274.8000
2026-03-23T20:23:27Z,a281283,main,large_registry_sharding/plan_sharding_405B_128gpu,1251.2000,1255.3000,1259.5000
2026-03-23T20:23:27Z,a281283,main,large_registry_sharding/suggest_quantization_70B_128gpu,205.60,214.00,221.49
2026-03-23T20:23:27Z,a281283,main,large_registry_sharding/plan_sharding_70B_mixed_61dev,168.76,174.58,180.59
2026-03-23T20:23:27Z,a281283,main,large_json/serialize_129dev,14419.0000,14465.0000,14513.0000
2026-03-23T20:23:27Z,a281283,main,large_json/deserialize_129dev,23298.0000,23398.0000,23513.0000
2026-03-23T20:23:27Z,a281283,main,training_memory/7B_full_finetune_gpu,3.1302,3.1453,3.1614
2026-03-23T20:23:27Z,a281283,main,training_memory/7B_lora_gpu,2.8862,2.8940,2.9023
2026-03-23T20:23:27Z,a281283,main,training_memory/7B_qlora_4bit_gpu,2.9030,2.9090,2.9153
2026-03-23T20:23:27Z,a281283,main,training_memory/7B_qlora_8bit_gpu,2.8766,2.8833,2.8905
2026-03-23T20:23:27Z,a281283,main,training_memory/7B_prefix_gpu,3.1058,3.1139,3.1223
2026-03-23T20:23:27Z,a281283,main,training_memory/7B_dpo_gpu,2.8718,2.8774,2.8836
2026-03-23T20:23:27Z,a281283,main,training_memory/7B_rlhf_gpu,2.8677,2.8745,2.8819
2026-03-23T20:23:27Z,a281283,main,training_memory/7B_distillation_gpu,2.6285,2.6418,2.6628
2026-03-23T20:23:27Z,a281283,main,training_targets/7B_full_gpu,3.0965,3.1059,3.1164
2026-03-23T20:23:27Z,a281283,main,training_targets/7B_full_tpu,2.5021,2.5087,2.5154
2026-03-23T20:23:27Z,a281283,main,training_targets/7B_full_gaudi,2.4881,2.4941,2.5006
2026-03-23T20:23:27Z,a281283,main,training_targets/7B_full_cpu,3.0909,3.0965,3.1029
2026-03-23T20:23:27Z,a281283,main,training_model_sizes/1B_lora_gpu,3.0946,3.1022,3.1100
2026-03-23T20:23:27Z,a281283,main,training_model_sizes/7B_lora_gpu,3.1022,3.1117,3.1214
2026-03-23T20:23:27Z,a281283,main,training_model_sizes/13B_lora_gpu,3.1070,3.1193,3.1324
2026-03-23T20:23:27Z,a281283,main,training_model_sizes/70B_lora_gpu,3.0930,3.1012,3.1101
2026-03-23T20:23:27Z,a281283,main,training_model_sizes/405B_lora_gpu,3.0896,3.0959,3.1029
2026-03-27T15:07:46Z,19a2753,main,load_pricing_table,2.7060,2.7562,2.8130
2026-03-27T15:07:46Z,19a2753,main,recommend_instance/7B_bf16_all,5163.2000,5227.1000,5285.1000
2026-03-27T15:07:46Z,19a2753,main,recommend_instance/7B_int8_aws,1678.8000,1743.3000,1804.0000
2026-03-27T15:07:46Z,19a2753,main,recommend_instance/70B_bf16_all,1703.2000,1798.9000,1907.6000
2026-03-27T15:07:46Z,19a2753,main,recommend_instance/70B_int4_gcp,662.14,688.95,722.98
2026-03-27T15:07:46Z,19a2753,main,cheapest_instance/7B_bf16,3091.6000,3161.2000,3244.5000
2026-03-27T15:07:46Z,19a2753,main,cheapest_instance/70B_bf16,1372.8000,1393.5000,1420.1000
2026-03-27T15:07:46Z,19a2753,main,detect_all,1072400.0000,1124500.0000,1195600.0000
2026-03-27T15:07:46Z,19a2753,main,detect_none (CPU only),155580.0000,156470.0000,157510.0000
2026-03-27T15:07:46Z,19a2753,main,detect_single/cuda,177750.0000,179430.0000,181190.0000
2026-03-27T15:07:46Z,19a2753,main,detect_single/rocm,991000.0000,995000.0000,998060.0000
2026-03-27T15:07:46Z,19a2753,main,detect_single/vulkan,182130.0000,188280.0000,195000.0000
2026-03-27T15:07:46Z,19a2753,main,detect_single/apple,174930.0000,175630.0000,176350.0000
2026-03-27T15:07:46Z,19a2753,main,detect_single/tpu,203830.0000,204950.0000,206090.0000
2026-03-27T15:07:46Z,19a2753,main,system_io/full_with_sysio,1013300.0000,1018300.0000,1023900.0000
2026-03-27T15:07:46Z,19a2753,main,system_io/query_system_io,0.0340,0.0343,0.0347
2026-03-27T15:07:46Z,19a2753,main,system_io/ingestion_1gb,2.1268,2.1447,2.1641
2026-03-27T15:07:46Z,19a2753,main,system_io/ingestion_100gb,2.4834,2.5655,2.6710
2026-03-27T15:07:46Z,19a2753,main,system_io/ingestion_1tb,2.3469,2.5383,2.7563
2026-03-27T15:07:46Z,19a2753,main,system_io/serialize_registry,1107.7000,1196.5000,1296.3000
2026-03-27T15:07:46Z,19a2753,main,system_io/deserialize_registry,1560.7000,1657.9000,1767.4000
2026-03-27T15:07:46Z,19a2753,main,concurrent_detect_4_threads,4533300.0000,5092400.0000,5762000.0000
2026-03-27T15:07:46Z,19a2753,main,parse_nvidia_bandwidth_8gpu,657.60,678.64,704.73
2026-03-27T15:07:46Z,19a2753,main,nvidia_bus_width_all_ccs,23.113,25.264,27.543
2026-03-27T15:07:46Z,19a2753,main,estimate_bw_from_cc_all,25.293,27.438,29.613
2026-03-27T15:07:46Z,19a2753,main,parse_max_dpm_clock,148.46,161.97,176.81
2026-03-27T15:07:46Z,19a2753,main,parse_link_speed,52.120,56.775,61.658
2026-03-27T15:07:46Z,19a2753,main,parse_ib_rate,57.815,62.720,67.907
2026-03-27T15:07:46Z,19a2753,main,parse_nvlink_output_2gpu,680.08,695.90,716.44
2026-03-27T15:07:46Z,19a2753,main,parse_cuda_output_8gpu,4100.7000,4258.1000,4449.1000
2026-03-27T15:07:46Z,19a2753,main,parse_vulkan_output_2gpu,1000.1000,1029.8000,1068.2000
2026-03-27T15:07:46Z,19a2753,main,parse_gaudi_output_8dev,1591.9000,1671.1000,1764.0000
2026-03-27T15:07:46Z,19a2753,main,plan_sharding 70B BF16 (4 GPU),99.724,104.92,111.25
2026-03-27T15:07:46Z,19a2753,main,plan_sharding 70B BF16 (13 devices),38.362,38.733,39.153
2026-03-27T15:07:46Z,19a2753,main,suggest_quantization 70B (4 GPU),10.039,10.311,10.594
2026-03-27T15:07:46Z,19a2753,main,suggest_quantization 70B (13 devices),28.468,29.195,30.074
2026-03-27T15:07:46Z,19a2753,main,estimate_memory 70B FP16,0.2747,0.2811,0.2897
2026-03-27T15:07:46Z,19a2753,main,estimate_training_memory 7B LoRA GPU,2.9759,3.0815,3.2086
2026-03-27T15:07:46Z,19a2753,main,best_available (13 devices),27.596,27.943,28.268
2026-03-27T15:07:46Z,19a2753,main,total_memory (13 devices),6.0796,6.1166,6.1598
2026-03-27T15:07:46Z,19a2753,main,json_roundtrip/serialize (13 devices),2427.0000,2471.7000,2527.2000
2026-03-27T15:07:46Z,19a2753,main,json_roundtrip/deserialize (13 devices),4171.4000,4460.5000,4785.1000
2026-03-27T15:07:46Z,19a2753,main,by_family GPU (13 devices),84.944,89.707,95.306
2026-03-27T15:07:46Z,19a2753,main,bits_per_param_all_levels,0.0487,0.0537,0.0590
2026-03-27T15:07:46Z,19a2753,main,memory_reduction_factor_all_levels,0.0370,0.0397,0.0429
2026-03-27T15:07:46Z,19a2753,main,estimate_memory/70B_fp32,0.2819,0.2874,0.2944
2026-03-27T15:07:46Z,19a2753,main,estimate_memory/70B_fp16,0.2894,0.3008,0.3128
2026-03-27T15:07:46Z,19a2753,main,estimate_memory/70B_bf16,0.2784,0.2863,0.2955
2026-03-27T15:07:46Z,19a2753,main,estimate_memory/70B_int8,0.2860,0.2973,0.3089
2026-03-27T15:07:46Z,19a2753,main,estimate_memory/70B_int4,0.2948,0.3075,0.3204
2026-03-27T15:07:46Z,19a2753,main,suggest_quantization/1B_1gpu,7.0011,7.2467,7.5518
2026-03-27T15:07:46Z,19a2753,main,suggest_quantization/7B_1gpu,7.1301,7.4172,7.7731
2026-03-27T15:07:46Z,19a2753,main,suggest_quantization/13B_1gpu,7.3290,7.6718,8.0890
2026-03-27T15:07:46Z,19a2753,main,suggest_quantization/70B_1gpu,7.1997,7.5764,8.0341
2026-03-27T15:07:46Z,19a2753,main,suggest_quantization/405B_1gpu,7.4626,8.0110,8.6417
2026-03-27T15:07:46Z,19a2753,main,registry_queries/available_4dev,70.148,73.594,77.759
2026-03-27T15:07:46Z,19a2753,main,registry_queries/available_129dev,446.97,465.96,489.76
2026-03-27T15:07:46Z,19a2753,main,registry_queries/available_61dev_mixed,217.30,224.84,234.51
2026-03-27T15:07:46Z,19a2753,main,registry_queries/best_available_129dev,162.87,164.74,166.85
2026-03-27T15:07:46Z,19a2753,main,registry_queries/total_memory_129dev,51.874,53.276,55.135
2026-03-27T15:07:46Z,19a2753,main,registry_queries/total_accelerator_memory_129dev,59.900,61.592,63.766
2026-03-27T15:07:46Z,19a2753,main,registry_queries/has_accelerator_129dev,1.6063,1.6992,1.8018
2026-03-27T15:07:46Z,19a2753,main,registry_queries/by_family_gpu_61dev,307.93,336.42,364.57
2026-03-27T15:07:46Z,19a2753,main,registry_queries/by_family_tpu_61dev,113.58,119.05,125.57
2026-03-27T15:07:46Z,19a2753,main,registry_queries/satisfying_gpu_61dev,272.53,280.17,289.98
2026-03-27T15:07:46Z,19a2753,main,registry_queries/satisfying_any_accel_61dev,300.50,322.37,345.77
2026-03-27T15:07:46Z,19a2753,main,cached_registry/get_cached_hit,35.650,37.100,38.578
2026-03-27T15:07:46Z,19a2753,main,cached_registry/invalidate,6.0122,6.3941,6.7630
2026-03-27T15:07:46Z,19a2753,main,lazy_registry/new,13323.0000,13693.0000,14106.0000
2026-03-27T15:07:46Z,19a2753,main,lazy_registry/by_family_gpu_cold,1035400.0000,1056900.0000,1085800.0000
2026-03-27T15:07:46Z,19a2753,main,lazy_registry/by_family_gpu_warm,58.334,60.553,63.285
2026-03-27T15:07:46Z,19a2753,main,lazy_registry/into_registry,2013300.0000,2023100.0000,2034100.0000
2026-03-27T15:07:46Z,19a2753,main,large_registry_sharding/plan_sharding_70B_128gpu,1621.9000,1705.8000,1807.7000
2026-03-27T15:07:46Z,19a2753,main,large_registry_sharding/plan_sharding_405B_128gpu,1788.3000,1881.3000,1986.5000
2026-03-27T15:07:46Z,19a2753,main,large_registry_sharding/suggest_quantization_70B_128gpu,206.14,218.85,230.88
2026-03-27T15:07:46Z,19a2753,main,large_registry_sharding/plan_sharding_70B_mixed_61dev,152.31,154.98,158.17
2026-03-27T15:07:46Z,19a2753,main,large_json/serialize_129dev,17604.0000,17786.0000,17988.0000
2026-03-27T15:07:46Z,19a2753,main,large_json/deserialize_129dev,32101.0000,33691.0000,35707.0000
2026-03-27T15:07:46Z,19a2753,main,training_memory/7B_full_finetune_gpu,4.8540,5.1105,5.4399
2026-03-27T15:07:46Z,19a2753,main,training_memory/7B_lora_gpu,5.1987,5.4841,5.8106
2026-03-27T15:07:46Z,19a2753,main,training_memory/7B_qlora_4bit_gpu,4.1639,4.3472,4.5506
2026-03-27T15:07:46Z,19a2753,main,training_memory/7B_qlora_8bit_gpu,3.6603,3.6918,3.7337
2026-03-27T15:07:46Z,19a2753,main,training_memory/7B_prefix_gpu,4.1795,4.5520,4.9562
2026-03-27T15:07:46Z,19a2753,main,training_memory/7B_dpo_gpu,3.7989,4.0764,4.4000
2026-03-27T15:07:46Z,19a2753,main,training_memory/7B_rlhf_gpu,4.3158,4.5088,4.7201
2026-03-27T15:07:46Z,19a2753,main,training_memory/7B_distillation_gpu,4.2504,4.4844,4.7413
2026-03-27T15:07:46Z,19a2753,main,training_targets/7B_full_gpu,3.8218,3.9864,4.1904
2026-03-27T15:07:46Z,19a2753,main,training_targets/7B_full_tpu,3.3419,3.6046,3.8793
2026-03-27T15:07:46Z,19a2753,main,training_targets/7B_full_gaudi,4.2739,4.6477,5.0306
2026-03-27T15:07:46Z,19a2753,main,training_targets/7B_full_cpu,4.6138,4.9826,5.3566
2026-03-27T15:07:46Z,19a2753,main,training_model_sizes/1B_lora_gpu,3.4385,3.5077,3.5982
2026-03-27T15:07:46Z,19a2753,main,training_model_sizes/7B_lora_gpu,3.8478,4.1373,4.4546
2026-03-27T15:07:46Z,19a2753,main,training_model_sizes/13B_lora_gpu,4.1654,4.5428,4.9217
2026-03-27T15:07:46Z,19a2753,main,training_model_sizes/70B_lora_gpu,3.4583,3.6760,3.9377
2026-03-27T15:07:46Z,19a2753,main,training_model_sizes/405B_lora_gpu,3.5237,3.7441,4.0030
2026-03-27T15:27:35Z,19a2753,main,load_pricing_table,1.9321,2.0092,2.0777
2026-03-27T15:27:35Z,19a2753,main,recommend_instance/7B_bf16_all,2789.6000,2813.2000,2837.5000
2026-03-27T15:27:35Z,19a2753,main,recommend_instance/7B_int8_aws,1018.3000,1028.0000,1039.0000
2026-03-27T15:27:35Z,19a2753,main,recommend_instance/70B_bf16_all,1225.3000,1231.4000,1237.2000
2026-03-27T15:27:35Z,19a2753,main,recommend_instance/70B_int4_gcp,539.18,546.40,555.22
2026-03-27T15:27:35Z,19a2753,main,cheapest_instance/7B_bf16,2903.8000,2924.3000,2945.3000
2026-03-27T15:27:35Z,19a2753,main,cheapest_instance/70B_bf16,1239.3000,1250.7000,1262.3000
2026-03-27T15:27:35Z,19a2753,main,detect_all,2551700.0000,2970400.0000,3421500.0000
2026-03-27T15:27:35Z,19a2753,main,detect_none (CPU only),155090.0000,156280.0000,157960.0000
2026-03-27T15:27:35Z,19a2753,main,detect_single/cuda,181860.0000,187680.0000,194020.0000
2026-03-27T15:27:35Z,19a2753,main,detect_single/rocm,990210.0000,994930.0000,1000100.0000
2026-03-27T15:27:35Z,19a2753,main,detect_single/vulkan,176000.0000,180330.0000,185630.0000
2026-03-27T15:27:35Z,19a2753,main,detect_single/apple,173330.0000,174090.0000,174910.0000
2026-03-27T15:27:35Z,19a2753,main,detect_single/tpu,205910.0000,210770.0000,217080.0000
2026-03-27T15:27:35Z,19a2753,main,system_io/full_with_sysio,985620.0000,1002400.0000,1020200.0000
2026-03-27T15:27:35Z,19a2753,main,system_io/query_system_io,0.0352,0.0375,0.0405
2026-03-27T15:27:35Z,19a2753,main,system_io/ingestion_1gb,2.1819,2.3168,2.4778
2026-03-27T15:27:35Z,19a2753,main,system_io/ingestion_100gb,2.1665,2.2641,2.3900
2026-03-27T15:27:35Z,19a2753,main,system_io/ingestion_1tb,2.2767,2.3294,2.3979
2026-03-27T15:27:35Z,19a2753,main,system_io/serialize_registry,963.23,984.66,1012.4000
2026-03-27T15:27:35Z,19a2753,main,system_io/deserialize_registry,1367.8000,1387.6000,1414.4000
2026-03-27T15:27:35Z,19a2753,main,concurrent_detect_4_threads,3793300.0000,3857300.0000,3928800.0000
2026-03-27T15:27:35Z,19a2753,main,parse_nvidia_bandwidth_8gpu,615.53,619.44,623.62
2026-03-27T15:27:35Z,19a2753,main,nvidia_bus_width_all_ccs,21.303,21.582,21.904
2026-03-27T15:27:35Z,19a2753,main,estimate_bw_from_cc_all,26.730,26.899,27.068
2026-03-27T15:27:35Z,19a2753,main,parse_max_dpm_clock,128.73,129.82,131.05
2026-03-27T15:27:35Z,19a2753,main,parse_link_speed,43.145,43.423,43.752
2026-03-27T15:27:35Z,19a2753,main,parse_ib_rate,50.481,50.803,51.153
2026-03-27T15:27:35Z,19a2753,main,parse_nvlink_output_2gpu,608.29,620.21,634.99
2026-03-27T15:27:35Z,19a2753,main,parse_cuda_output_8gpu,3758.8000,3800.8000,3860.5000
2026-03-27T15:27:35Z,19a2753,main,parse_vulkan_output_2gpu,1057.1000,1065.8000,1075.0000
2026-03-27T15:27:35Z,19a2753,main,parse_gaudi_output_8dev,1569.3000,1579.9000,1591.1000
2026-03-27T15:27:35Z,19a2753,main,plan_sharding 70B BF16 (4 GPU),67.263,67.840,68.468
2026-03-27T15:27:35Z,19a2753,main,plan_sharding 70B BF16 (13 devices),32.199,32.515,32.896
2026-03-27T15:27:35Z,19a2753,main,suggest_quantization 70B (4 GPU),10.605,10.812,10.978
2026-03-27T15:27:35Z,19a2753,main,suggest_quantization 70B (13 devices),25.255,25.563,25.907
2026-03-27T15:27:35Z,19a2753,main,estimate_memory 70B FP16,0.2625,0.2638,0.2652
2026-03-27T15:27:35Z,19a2753,main,estimate_training_memory 7B LoRA GPU,3.1318,3.2346,3.3413
2026-03-27T15:27:35Z,19a2753,main,best_available (13 devices),22.473,22.540,22.616
2026-03-27T15:27:35Z,19a2753,main,total_memory (13 devices),6.3928,6.4510,6.5322
2026-03-27T15:27:35Z,19a2753,main,json_roundtrip/serialize (13 devices),2206.7000,2218.4000,2231.7000
2026-03-27T15:27:35Z,19a2753,main,json_roundtrip/deserialize (13 devices),3501.2000,3538.0000,3586.6000
2026-03-27T15:27:35Z,19a2753,main,by_family GPU (13 devices),59.214,59.600,59.990
2026-03-27T15:27:35Z,19a2753,main,bits_per_param_all_levels,0.0334,0.0337,0.0339
2026-03-27T15:27:35Z,19a2753,main,memory_reduction_factor_all_levels,0.0339,0.0342,0.0345
2026-03-27T15:27:35Z,19a2753,main,estimate_memory/70B_fp32,0.2731,0.2799,0.2879
2026-03-27T15:27:35Z,19a2753,main,estimate_memory/70B_fp16,0.2718,0.2753,0.2799
2026-03-27T15:27:35Z,19a2753,main,estimate_memory/70B_bf16,0.2705,0.2723,0.2744
2026-03-27T15:27:35Z,19a2753,main,estimate_memory/70B_int8,0.2828,0.2878,0.2936
2026-03-27T15:27:35Z,19a2753,main,estimate_memory/70B_int4,0.2614,0.2625,0.2640
2026-03-27T15:27:35Z,19a2753,main,suggest_quantization/1B_1gpu,5.5472,5.5970,5.6474
2026-03-27T15:27:35Z,19a2753,main,suggest_quantization/7B_1gpu,5.5776,5.6334,5.7130
2026-03-27T15:27:35Z,19a2753,main,suggest_quantization/13B_1gpu,5.5761,5.6123,5.6565
2026-03-27T15:27:35Z,19a2753,main,suggest_quantization/70B_1gpu,5.7994,5.8235,5.8574
2026-03-27T15:27:35Z,19a2753,main,suggest_quantization/405B_1gpu,5.7581,5.8064,5.8614
2026-03-27T15:27:35Z,19a2753,main,registry_queries/available_4dev,60.509,60.878,61.303
2026-03-27T15:27:35Z,19a2753,main,registry_queries/available_129dev,421.63,424.73,428.37
2026-03-27T15:27:35Z,19a2753,main,registry_queries/available_61dev_mixed,213.34,215.21,217.11
2026-03-27T15:27:35Z,19a2753,main,registry_queries/best_available_129dev,113.33,114.14,115.27
2026-03-27T15:27:35Z,19a2753,main,registry_queries/total_memory_129dev,43.519,43.711,43.914
2026-03-27T15:27:35Z,19a2753,main,registry_queries/total_accelerator_memory_129dev,69.943,70.679,71.402
2026-03-27T15:27:35Z,19a2753,main,registry_queries/has_accelerator_129dev,1.6417,1.8460,2.0485
2026-03-27T15:27:35Z,19a2753,main,registry_queries/by_family_gpu_61dev,203.91,205.52,207.20
2026-03-27T15:27:35Z,19a2753,main,registry_queries/by_family_tpu_61dev,87.814,88.525,89.318
2026-03-27T15:27:35Z,19a2753,main,registry_queries/satisfying_gpu_61dev,237.64,240.19,244.51
2026-03-27T15:27:35Z,19a2753,main,registry_queries/satisfying_any_accel_61dev,257.54,260.85,264.60
2026-03-27T15:27:35Z,19a2753,main,cached_registry/get_cached_hit,30.959,31.211,31.529
2026-03-27T15:27:35Z,19a2753,main,cached_registry/invalidate,5.1254,5.2747,5.4128
2026-03-27T15:27:35Z,19a2753,main,lazy_registry/new,12644.0000,13108.0000,13624.0000
2026-03-27T15:27:35Z,19a2753,main,lazy_registry/by_family_gpu_cold,1128700.0000,1199400.0000,1278400.0000
2026-03-27T15:27:35Z,19a2753,main,lazy_registry/by_family_gpu_warm,57.160,61.890,67.036
2026-03-27T15:27:35Z,19a2753,main,lazy_registry/into_registry,2006900.0000,2011600.0000,2017300.0000
2026-03-27T15:27:35Z,19a2753,main,large_registry_sharding/plan_sharding_70B_128gpu,1169.0000,1178.2000,1190.7000
2026-03-27T15:27:35Z,19a2753,main,large_registry_sharding/plan_sharding_405B_128gpu,1126.2000,1143.3000,1164.3000
2026-03-27T15:27:35Z,19a2753,main,large_registry_sharding/suggest_quantization_70B_128gpu,240.88,241.30,241.77
2026-03-27T15:27:35Z,19a2753,main,large_registry_sharding/plan_sharding_70B_mixed_61dev,135.05,137.14,139.46
2026-03-27T15:27:35Z,19a2753,main,large_json/serialize_129dev,16860.0000,17207.0000,17786.0000
2026-03-27T15:27:35Z,19a2753,main,large_json/deserialize_129dev,26684.0000,26862.0000,27064.0000
2026-03-27T15:27:35Z,19a2753,main,training_memory/7B_full_finetune_gpu,3.0289,3.0617,3.1022
2026-03-27T15:27:35Z,19a2753,main,training_memory/7B_lora_gpu,2.9914,3.0629,3.1676
2026-03-27T15:27:35Z,19a2753,main,training_memory/7B_qlora_4bit_gpu,3.2921,3.3459,3.4299
2026-03-27T15:27:35Z,19a2753,main,training_memory/7B_qlora_8bit_gpu,3.3827,3.5161,3.6938
2026-03-27T15:27:35Z,19a2753,main,training_memory/7B_prefix_gpu,4.4869,4.8641,5.2489
2026-03-27T15:27:35Z,19a2753,main,training_memory/7B_dpo_gpu,4.7720,5.1370,5.5663
2026-03-27T15:27:35Z,19a2753,main,training_memory/7B_rlhf_gpu,4.8587,5.1653,5.4665
2026-03-27T15:27:35Z,19a2753,main,training_memory/7B_distillation_gpu,4.8083,5.1496,5.4946
2026-03-27T15:27:35Z,19a2753,main,training_targets/7B_full_gpu,4.1814,4.2473,4.3210
2026-03-27T15:27:35Z,19a2753,main,training_targets/7B_full_tpu,3.7976,3.9660,4.1764
2026-03-27T15:27:35Z,19a2753,main,training_targets/7B_full_gaudi,3.8290,3.9513,4.0755
2026-03-27T15:27:35Z,19a2753,main,training_targets/7B_full_cpu,3.6126,3.7434,3.8752
2026-03-27T15:27:35Z,19a2753,main,training_model_sizes/1B_lora_gpu,5.2466,5.3721,5.4708
2026-03-27T15:27:35Z,19a2753,main,training_model_sizes/7B_lora_gpu,5.5377,5.6236,5.6975
2026-03-27T15:27:35Z,19a2753,main,training_model_sizes/13B_lora_gpu,5.1140,5.2138,5.3089
2026-03-27T15:27:35Z,19a2753,main,training_model_sizes/70B_lora_gpu,5.2563,5.3784,5.4803
2026-03-27T15:27:35Z,19a2753,main,training_model_sizes/405B_lora_gpu,2.7753,2.7957,2.8166
